sample_name,i5,i7,i1
A01-CX1-NCE1-5uM,AGGGCCAAAGAC,CGGGAACCCGCA,CGGGAACCCGCA
B01-CX1-NCE2-5uM,AGGGCCAAAGAC,CGGGAACCCGCA,AAACGTTCATCC
C01-CX1-NCE3-5uM,AGGGCCAAAGAC,CGGGAACCCGCA,TTGTCCGATATG
D01-CX1-NCE4-5uM,AGGGCCAAAGAC,CGGGAACCCGCA,GTTTAAAGGCAG
E01-CX1-NCE5-5uM,AGGGCCAAAGAC,CGGGAACCCGCA,CCAAAGAGGGAT
F01-CX1-MinusDOX,AGGGCCAAAGAC,CGGGAACCCGCA,TCCTCTCTTCTA
G01-CX1-PlusDOX,AGGGCCAAAGAC,CGGGAACCCGCA,GAAGGGTAAAGC
H01-CX1-NCE3-1uM,AGGGCCAAAGAC,CGGGAACCCGCA,AGTCTCAGCAAA
A02-DLD1-NCE1-5uM,AGGGCCAAAGAC,CGGGAACCCGCA,ATCGACTTGTGT
B02-DLD1-NCE2-5uM,AGGGCCAAAGAC,CGGGAACCCGCA,AACCCTGGGAAG
C02-DLD1-NCE3-5uM,AGGGCCAAAGAC,CGGGAACCCGCA,AGGTGGTTCTAC
D02-DLD1-NCE4-5uM,AGGGCCAAAGAC,CGGGAACCCGCA,TACGCCCACGTG
E02-DLD1-NCE5-5uM,AGGGCCAAAGAC,CGGGAACCCGCA,GATTTCCCCCGA
F02-DLD1-MinusDOX,AGGGCCAAAGAC,CGGGAACCCGCA,CCCAATTTTGCC
G02-DLD1-PlusDOX,AGGGCCAAAGAC,CGGGAACCCGCA,TCAACAACCGGT
H02-DLD1-NCE3-1uM,AGGGCCAAAGAC,CGGGAACCCGCA,CAGATAATACGT
A03-RCM1-NCE1-5uM,AGGGCCAAAGAC,CGGGAACCCGCA,TATTGGCGGCCT
B03-RCM1-NCE2-5uM,AGGGCCAAAGAC,CGGGAACCCGCA,AGAGGCCGAACA
C03-RCM1-NCE3-5uM,AGGGCCAAAGAC,CGGGAACCCGCA,ATTATATCTGAA
D03-RCM1-NCE4-5uM,AGGGCCAAAGAC,CGGGAACCCGCA,TGCTAAATTAGT
E03-RCM1-NCE5-5uM,AGGGCCAAAGAC,CGGGAACCCGCA,CTATGCAAGCTG
F03-RCM1-MinusDOX,AGGGCCAAAGAC,CGGGAACCCGCA,CCGGGCGTCATG
G03-RCM1-PlusDOX,AGGGCCAAAGAC,CGGGAACCCGCA,TGGAGACTGGGC
H03-RCM1-NCE3-1uM,AGGGCCAAAGAC,CGGGAACCCGCA,CTTACCGGGTAC
A04-SKCO1-NCE1-5uM,AGGGCCAAAGAC,CGGGAACCCGCA,TAAGATCGATTA
B04-SKCO1-NCE2-5uM,AGGGCCAAAGAC,CGGGAACCCGCA,CGAGTTTATCAG
C04-SKCO1-NCE3-5uM,AGGGCCAAAGAC,CGGGAACCCGCA,CACTAGTTTCGT
D04-SKCO1-NCE4-5uM,AGGGCCAAAGAC,CGGGAACCCGCA,GACCCGTCTTGA
E04-SKCO1-NCE5-5uM,AGGGCCAAAGAC,CGGGAACCCGCA,AAATGTAGTGAG
F04-SKCO1-MinusDOX,AGGGCCAAAGAC,CGGGAACCCGCA,ACAGGACTCTGG
G04-SKCO1-PlusDOX,AGGGCCAAAGAC,CGGGAACCCGCA,AAAATCCCAGTT
H04-SKCO1-NCE3-1uM,AGGGCCAAAGAC,CGGGAACCCGCA,GCATCCATGCAT
A05-SW837-NCE1-5uM,AGGGCCAAAGAC,CGGGAACCCGCA,CACCTTCGGTTG
B05-SW837-NCE2-5uM,AGGGCCAAAGAC,CGGGAACCCGCA,AGCAAAGGATGT
C05-SW837-NCE3-5uM,AGGGCCAAAGAC,CGGGAACCCGCA,AGGCTTAATCGG
D05-SW837-NCE4-5uM,AGGGCCAAAGAC,CGGGAACCCGCA,GCGCGAAGTTGA
E05-SW837-NCE5-5uM,AGGGCCAAAGAC,CGGGAACCCGCA,TTAGGACGCAAA
F05-SW837-MinusDOX,AGGGCCAAAGAC,CGGGAACCCGCA,ATGGGCTAGACA
G05-SW837-PlusDOX,AGGGCCAAAGAC,CGGGAACCCGCA,TTTGTGGACACG
H05-SW837-NCE3-1uM,AGGGCCAAAGAC,CGGGAACCCGCA,GAATTCGTATAC
A06-SW1417-NCE1-5uM,AGGGCCAAAGAC,CGGGAACCCGCA,TCGAGTCCCGGA
B06-SW1417-NCE2-5uM,AGGGCCAAAGAC,CGGGAACCCGCA,CCGTTGAAGGGG
C06-SW1417-NCE3-5uM,AGGGCCAAAGAC,CGGGAACCCGCA,CAAGGTCCCCTT
D06-SW1417-NCE4-5uM,AGGGCCAAAGAC,CGGGAACCCGCA,TCCTAGCGATTT
E06-SW1417-NCE5-5uM,AGGGCCAAAGAC,CGGGAACCCGCA,CCGCCCTATTTC
F06-SW1417-MinusDOX,AGGGCCAAAGAC,CGGGAACCCGCA,CTGTAGTCGCCA
G06-SW1417-PlusDOX,AGGGCCAAAGAC,CGGGAACCCGCA,CCTGGTACTTTC
H06-SW1417-NCE3-1uM,AGGGCCAAAGAC,CGGGAACCCGCA,AGCTTCTTTTCC
A07-CX1-NCE1-5uM,AGGGCCAAAGAC,CGGGAACCCGCA,AAAACATGCGTT
B07-CX1-NCE2-5uM,AGGGCCAAAGAC,CGGGAACCCGCA,TCGTCTGGCCGT
C07-CX1-NCE3-5uM,AGGGCCAAAGAC,CGGGAACCCGCA,CTCTTTAAACAA
D07-CX1-NCE4-5uM,AGGGCCAAAGAC,CGGGAACCCGCA,TGTTTTGCTAAC
E07-CX1-NCE5-5uM,AGGGCCAAAGAC,CGGGAACCCGCA,ACCCGAACGAGC
F07-CX1-MinusDOX,AGGGCCAAAGAC,CGGGAACCCGCA,TCCCGGCTAAAA
G07-CX1-PlusDOX,AGGGCCAAAGAC,CGGGAACCCGCA,GAGTCGGTGGCA
H07-CX1-NCE3-1uM,AGGGCCAAAGAC,CGGGAACCCGCA,AATAGCTTTTTC
A08-DLD1-NCE1-5uM,AGGGCCAAAGAC,CGGGAACCCGCA,GCTAGCTCAGAT
B08-DLD1-NCE2-5uM,AGGGCCAAAGAC,CGGGAACCCGCA,TATAAGGGAATG
C08-DLD1-NCE3-5uM,AGGGCCAAAGAC,CGGGAACCCGCA,AAGTTGCGGGTA
D08-DLD1-NCE4-5uM,AGGGCCAAAGAC,CGGGAACCCGCA,GACATTATTCTT
E08-DLD1-NCE5-5uM,AGGGCCAAAGAC,CGGGAACCCGCA,GAAAATTTACGC
F08-DLD1-MinusDOX,AGGGCCAAAGAC,CGGGAACCCGCA,AAACTAACTGTC
G08-DLD1-PlusDOX,AGGGCCAAAGAC,CGGGAACCCGCA,TAATTACAAAGA
H08-DLD1-NCE3-1uM,AGGGCCAAAGAC,CGGGAACCCGCA,GTGGCACCACTT
A09-RCM1-NCE1-5uM,AGGGCCAAAGAC,CGGGAACCCGCA,ATTCAACCTCTA
B09-RCM1-NCE2-5uM,AGGGCCAAAGAC,CGGGAACCCGCA,GTCAAATGTCCT
C09-RCM1-NCE3-5uM,AGGGCCAAAGAC,CGGGAACCCGCA,ATTCCTGAGTTA
D09-RCM1-NCE4-5uM,AGGGCCAAAGAC,CGGGAACCCGCA,ATCCGCCAGGAT
E09-RCM1-NCE5-5uM,AGGGCCAAAGAC,CGGGAACCCGCA,CTCTCCATCGAA
F09-RCM1-MinusDOX,AGGGCCAAAGAC,CGGGAACCCGCA,CCCACCGTAAGC
G09-RCM1-PlusDOX,AGGGCCAAAGAC,CGGGAACCCGCA,TAACCAGCACTT
H09-RCM1-NCE3-1uM,AGGGCCAAAGAC,CGGGAACCCGCA,TTGCGTTCTCAA
A10-SKCO1-NCE1-5uM,AGGGCCAAAGAC,CGGGAACCCGCA,GCGCCGGGTCCC
B10-SKCO1-NCE2-5uM,AGGGCCAAAGAC,CGGGAACCCGCA,ACGATACGCCAA
C10-SKCO1-NCE3-5uM,AGGGCCAAAGAC,CGGGAACCCGCA,CAAATTGGAACG
D10-SKCO1-NCE4-5uM,AGGGCCAAAGAC,CGGGAACCCGCA,AATGACCGTAGG
E10-SKCO1-NCE5-5uM,AGGGCCAAAGAC,CGGGAACCCGCA,TTGACAGCGTCG
F10-SKCO1-MinusDOX,AGGGCCAAAGAC,CGGGAACCCGCA,CACCAGAGATAT
G10-SKCO1-PlusDOX,AGGGCCAAAGAC,CGGGAACCCGCA,ACTAAGCGCGTG
H10-SKCO1-NCE3-1uM,AGGGCCAAAGAC,CGGGAACCCGCA,TGTGGGGTGATT
A11-SW837-NCE1-5uM,AGGGCCAAAGAC,CGGGAACCCGCA,GCCTAATACAAC
B11-SW837-NCE2-5uM,AGGGCCAAAGAC,CGGGAACCCGCA,GTTTGACTTTAT
C11-SW837-NCE3-5uM,AGGGCCAAAGAC,CGGGAACCCGCA,TACGGTATAGAA
D11-SW837-NCE4-5uM,AGGGCCAAAGAC,CGGGAACCCGCA,GTCAGGCTGCGT
E11-SW837-NCE5-5uM,AGGGCCAAAGAC,CGGGAACCCGCA,TGAGGCATTTGG
F11-SW837-MinusDOX,AGGGCCAAAGAC,CGGGAACCCGCA,ATCGGAAAATTC
G11-SW837-PlusDOX,AGGGCCAAAGAC,CGGGAACCCGCA,TTATCACTCCTT
H11-SW837-NCE3-1uM,AGGGCCAAAGAC,CGGGAACCCGCA,CCATTGTCTAAA
A12-SW1417-NCE1-5uM,AGGGCCAAAGAC,CGGGAACCCGCA,CGGGTAGGGCGT
B12-SW1417-NCE2-5uM,AGGGCCAAAGAC,CGGGAACCCGCA,GATAGAAACACC
C12-SW1417-NCE3-5uM,AGGGCCAAAGAC,CGGGAACCCGCA,TGCCATGTTCGG
D12-SW1417-NCE4-5uM,AGGGCCAAAGAC,CGGGAACCCGCA,CTTAATGATATC
E12-SW1417-NCE5-5uM,AGGGCCAAAGAC,CGGGAACCCGCA,CCGACGGACCAT
F12-SW1417-MinusDOX,AGGGCCAAAGAC,CGGGAACCCGCA,TTCCAAAAAATG
G12-SW1417-PlusDOX,AGGGCCAAAGAC,CGGGAACCCGCA,GTACCGAACCCG
H12-SW1417-NCE3-1uM,AGGGCCAAAGAC,CGGGAACCCGCA,GCGTGTTAACGC